Name,Price,Image_URL,Product_URL,SKU,Description,Category,Availability
"ZINCUM VALERIANICUM","215","https://sblglobal.com/admin/public/uploads/products/LM00001.JPG","https://sblglobal.com/product/zincum-valerianicum-1267","","Pack Size","LM Potency Dilutions","In Stock"
"ZINCUM METALLICUM","215","https://sblglobal.com/admin/public/uploads/products/LM00001.JPG","https://sblglobal.com/product/zincum-metallicum-1266","","Pack Size","LM Potency Dilutions","In Stock"
"VISCUM ALBUM","215","https://sblglobal.com/admin/public/uploads/products/LM00001.JPG","https://sblglobal.com/product/viscum-album-1265","","Pack Size","LM Potency Dilutions","In Stock"
"VIBURNUM PRUNIFOLIUM","215","https://sblglobal.com/admin/public/uploads/products/LM00001.JPG","https://sblglobal.com/product/viburnum-prunifolium-1264","","Pack Size","LM Potency Dilutions","In Stock"
"VIBURNUM OPULUS","215","https://sblglobal.com/admin/public/uploads/products/LM00001.JPG","https://sblglobal.com/product/viburnum-opulus-1263","","Pack Size","LM Potency Dilutions","In Stock"
"VERATRUM VIRIDE","215","https://sblglobal.com/admin/public/uploads/products/LM00001.JPG","https://sblglobal.com/product/veratrum-viride-1262","","Pack Size","LM Potency Dilutions","In Stock"
"VERATRUM ALBUM","215","https://sblglobal.com/admin/public/uploads/products/LM00001.JPG","https://sblglobal.com/product/veratrum-album-1261","","Pack Size","LM Potency Dilutions","In Stock"
"VACCINIUM MYRTILLUS","215","https://sblglobal.com/admin/public/uploads/products/LM00001.JPG","https://sblglobal.com/product/vaccinium-myrtillus-1260","","Pack Size","LM Potency Dilutions","In Stock"
"URTICA URENS","215","https://sblglobal.com/admin/public/uploads/products/LM00001.JPG","https://sblglobal.com/product/urtica-urens-1259","","Pack Size","LM Potency Dilutions","In Stock"
"Kalmegh Drops Paediatric Digestive","211","https://sblglobal.com/admin/public/uploads/products/20240927104834_22.jpg","https://sblglobal.com/product/kalmegh-drops-1678","","Helps In Indigestion, Flatulence, Reduced Appetite, Bloated Abdomen, Constipation","LM Potency Dilutions","In Stock"
"Alfalfa Tonic with Ginseng","5.00","https://sblglobal.com/admin/public/uploads/products/20240927104834_22.jpg","https://sblglobal.com/product/alfalfa-tonic-with-ginseng-1323-1668","","Helps In Loss Of Appetite, Debility, Anxiety, Nervousness, Insomnia, Weakness","LM Potency Dilutions","In Stock"
"Arnica Montana Herbal Shampoo Combo (200 ML Each)","183","https://sblglobal.com/admin/public/uploads/products/20241008093952_96.jpg","https://sblglobal.com/product/montana-herbal-shampoo-combo","","Available Pack Size","LM Potency Dilutions","In Stock"
"Arnica Montana Herbal Shampoo with Conditioner Combo (200ML Each)","183","https://sblglobal.com/admin/public/uploads/products/20241008093952_96.jpg","https://sblglobal.com/product/montana-herbal-shampoo-conditioner-combo","","Available Pack Size","LM Potency Dilutions","In Stock"
"Prostonum Drops","211","https://sblglobal.com/admin/public/uploads/products/20240927104834_22.jpg","https://sblglobal.com/product/prostonum-drops-1688","","Helps In Benign Prostatic Hyperplasia (BPH)","LM Potency Dilutions","In Stock"